opener,wordle,wordle+top3000,wordle+top5000,wordle+top7000,whole
which,3.839355,4.070907,4.290955,4.459432,4.948570
their,3.539744,3.794864,3.979203,4.160274,4.645776
there,3.599778,3.889116,4.087502,4.254242,4.757455
would,3.633130,3.883572,4.072396,4.263938,4.719690
other,3.594775,3.847680,4.039043,4.227863,4.703063
these,3.617009,3.929676,4.132431,4.306146,4.820464
about,3.630906,3.889991,4.083971,4.251675,4.734164
first,3.541412,3.801284,3.999608,4.182090,4.686301
could,3.548082,3.808579,4.003924,4.174390,4.676876
after,3.575320,3.804786,4.022562,4.202481,4.699091
those,3.538077,3.838926,4.038846,4.215600,4.723595
where,3.718733,3.969653,4.168334,4.361044,4.864221
being,3.627571,3.872191,4.043359,4.186653,4.670953
under,3.586993,3.829880,4.025309,4.200200,4.687445
years,3.563091,3.857018,4.075535,4.267788,4.779805
great,3.531962,3.783776,3.975868,4.152859,4.647459
state,3.615898,3.910125,4.124191,4.316412,4.870077
world,3.606448,3.841552,4.016873,4.192927,4.644564
three,3.599778,3.873650,4.077300,4.250107,4.751060
while,3.612563,3.897870,4.060035,4.251390,4.740559
found,3.652585,3.883280,4.076123,4.246400,4.732548
might,3.665370,3.870149,4.024328,4.177813,4.628879
still,3.629794,3.885906,4.081813,4.250962,4.791720
right,3.605892,3.837467,4.007652,4.165550,4.630495
place,3.491940,3.764225,3.939376,4.109511,4.614541
every,3.822679,4.079662,4.280753,4.442892,4.929855
power,3.610339,3.853224,4.022758,4.220590,4.724268
since,3.504725,3.790487,3.997842,4.162983,4.673915
given,3.667037,3.939306,4.110850,4.279196,4.773140
never,3.714286,3.965859,4.151265,4.330529,4.845978
order,3.678710,3.912460,4.111634,4.298446,4.821138
water,3.594219,3.800992,4.018050,4.204763,4.702457
small,3.653141,3.894368,4.101040,4.279624,4.797038
shall,3.645359,3.930260,4.149892,4.341936,4.850488
large,3.525292,3.789612,3.989602,4.165835,4.653450
point,3.546971,3.790487,3.973906,4.117781,4.589970
again,3.724291,3.992121,4.167746,4.333096,4.826456
often,3.607004,3.841261,4.027663,4.206901,4.701649
among,3.627015,3.850890,4.030214,4.191216,4.650623
house,3.600889,3.923840,4.129488,4.313418,4.852036
women,3.643135,3.858477,4.039043,4.212320,4.691552
group,3.610339,3.873359,4.029625,4.194639,4.669606
think,3.634241,3.860228,4.038650,4.191787,4.630024
human,3.640912,3.884155,4.063371,4.216313,4.696331
later,3.501390,3.737963,3.920541,4.109368,4.627465
until,3.540856,3.807995,3.998430,4.177242,4.640458
whole,3.615898,3.901080,4.074750,4.248111,4.741367
early,3.559200,3.843887,4.034138,4.213176,4.704679
means,3.537521,3.767435,3.982931,4.147298,4.688522
above,3.693719,3.989495,4.164803,4.330101,4.818916
value,3.648694,3.919171,4.111634,4.288749,4.805453
study,3.648694,3.913043,4.101236,4.249251,4.723797
table,3.526404,3.760724,3.933686,4.089120,4.600202
taken,3.593107,3.850598,4.034138,4.201055,4.659172
times,3.558088,3.772104,3.970767,4.152574,4.673645
known,3.853808,4.083747,4.294879,4.453586,4.889667
court,3.516954,3.793405,3.988425,4.161557,4.658028
young,3.688716,3.995915,4.154405,4.327535,4.784315
words,3.623680,3.852349,4.047479,4.226294,4.734904
white,3.620345,3.901955,4.095939,4.280764,4.729788
light,3.599778,3.826671,4.008240,4.165977,4.614137
least,3.439689,3.731544,3.935256,4.120776,4.670818
level,3.851584,4.119346,4.329802,4.502923,5.031774
child,3.569205,3.814999,4.010202,4.164552,4.652373
death,3.544747,3.791946,3.988228,4.162555,4.647728
press,3.712062,3.898453,4.092407,4.272494,4.804174
cases,3.689272,3.921214,4.140867,4.308570,4.881925
going,3.748193,4.032390,4.221699,4.401255,4.899764
party,3.561979,3.789028,3.969001,4.147583,4.599260
using,3.647582,3.940765,4.143025,4.318123,4.798452
sense,3.743191,4.005252,4.218560,4.383573,4.971255
based,3.584769,3.833382,4.043947,4.218309,4.723393
whose,3.634797,3.916545,4.142633,4.326822,4.839381
south,3.585881,3.875109,4.061409,4.237559,4.731471
total,3.627571,3.910417,4.108691,4.274633,4.801750
class,3.659255,3.873359,4.080047,4.257522,4.807270
local,3.654252,3.918004,4.116147,4.290461,4.827600
along,3.548638,3.817625,4.002551,4.172964,4.637227
terms,3.529739,3.732419,3.937022,4.104948,4.623023
money,3.625347,3.874526,4.049048,4.217311,4.700505
black,3.622568,3.849139,4.032764,4.193640,4.647593
force,3.565870,3.821126,4.025113,4.216598,4.724403
north,3.536409,3.803618,3.977438,4.135748,4.596230
night,3.622012,3.862562,4.035511,4.186653,4.636284
short,3.521401,3.765392,3.964881,4.138029,4.636688
field,3.594775,3.827254,4.016873,4.200057,4.700774
asked,3.650361,3.932886,4.149696,4.325681,4.803837
quite,3.750417,4.039685,4.236217,4.414516,4.913834
thing,3.595331,3.850306,4.019816,4.177242,4.622753
woman,3.647026,3.866064,4.045909,4.211464,4.716123
major,3.690384,3.925007,4.114577,4.293027,4.792999
third,3.555309,3.777940,3.961742,4.129902,4.624302
shown,3.643135,3.891742,4.094762,4.239698,4.736116
began,3.603669,3.858185,4.035707,4.182233,4.673511
cause,3.542524,3.864313,4.092603,4.249964,4.815348
heart,3.477487,3.752261,3.955856,4.142307,4.643756
seems,3.816009,4.032682,4.234844,4.404534,4.950791
trade,3.483046,3.726875,3.941338,4.119635,4.631841
clear,3.486937,3.778523,3.963312,4.138742,4.663952
model,3.557532,3.780274,3.948990,4.119778,4.591249
lower,3.605892,3.854683,4.039043,4.231000,4.736924
close,3.492496,3.788737,3.991956,4.171396,4.708852
blood,3.712062,3.926174,4.109869,4.268074,4.748637
hands,3.583658,3.822877,4.039239,4.191929,4.693773
story,3.586437,3.834841,4.032176,4.199914,4.684551
forms,3.606448,3.821418,4.035903,4.208898,4.710064
paper,3.699277,3.953312,4.145576,4.343648,4.844901
works,3.676487,3.932886,4.126545,4.315985,4.781555
areas,3.640356,3.930552,4.165784,4.326536,4.891821
parts,3.513619,3.734753,3.924269,4.102666,4.603029
union,3.790995,4.065363,4.265646,4.438757,4.966274
river,3.767093,4.022760,4.225231,4.409953,4.933894
books,3.806003,4.060403,4.264077,4.418794,4.889263
space,3.523624,3.786986,3.977438,4.158563,4.669135
price,3.531962,3.777356,3.958211,4.123485,4.621676
makes,3.651473,3.893493,4.097116,4.258092,4.763985
basis,3.749305,3.976948,4.173828,4.337231,4.863884
alone,3.493052,3.793114,3.994310,4.172822,4.677011
below,3.672596,3.892326,4.069060,4.223157,4.713161
earth,3.522513,3.763933,3.967432,4.146728,4.651027
heard,3.529183,3.793114,3.989994,4.174248,4.690205
lines,3.502501,3.757222,3.985678,4.174818,4.711814
hours,3.604225,3.875401,4.067098,4.245259,4.774621
range,3.549194,3.810913,4.014911,4.165122,4.646180
truth,3.677599,3.943974,4.143222,4.327392,4.821205
board,3.572540,3.802159,3.980969,4.147726,4.629148
needs,3.655920,3.932302,4.135962,4.297875,4.818512
front,3.539188,3.782317,3.963116,4.138457,4.614944
shows,3.812674,4.037642,4.230724,4.411379,4.898620
leave,3.682046,3.976364,4.168923,4.346357,4.887041
cells,3.654808,3.937847,4.138317,4.325253,4.884551
march,3.562535,3.789904,3.973318,4.140453,4.643218
doing,3.605892,3.858185,4.048852,4.213746,4.678694
stage,3.529739,3.817333,4.026682,4.199772,4.705150
today,3.595887,3.885031,4.062390,4.238842,4.701515
labor,3.564758,3.800409,3.987247,4.153429,4.642679
voice,3.639800,3.935220,4.118109,4.283474,4.825783
peace,3.614786,3.896411,4.089661,4.257950,4.775766
bring,3.603113,3.860519,4.012753,4.162555,4.615954
chief,3.639800,3.919755,4.113008,4.268074,4.778189
added,3.909950,4.142399,4.379046,4.560245,5.094985
issue,3.755420,4.022760,4.244850,4.428490,4.975766
india,3.723735,3.978699,4.185796,4.356909,4.857758
equal,3.759311,4.029180,4.227781,4.422929,4.928172
basic,3.607560,3.867231,4.060232,4.222444,4.743184
types,3.641467,3.884155,4.056896,4.220590,4.681117
music,3.609227,3.864313,4.064548,4.231285,4.732009
james,3.735409,3.972571,4.176378,4.343505,4.886368
wrote,3.564202,3.825795,4.016873,4.205333,4.692158
sound,3.558644,3.812664,4.015107,4.180094,4.707169
ideas,3.617009,3.869857,4.081617,4.266220,4.795692
final,3.559200,3.837467,4.033353,4.203622,4.674588
miles,3.526404,3.768602,3.960565,4.143163,4.668058
rules,3.552529,3.810622,4.026486,4.205476,4.758532
gives,3.665370,3.934345,4.149696,4.344360,4.868394
cross,3.675375,3.887073,4.104768,4.262085,4.831774
moral,3.533074,3.777064,3.959388,4.126622,4.610232
faith,3.610895,3.863437,4.052776,4.232140,4.713699
legal,3.672596,3.944266,4.146557,4.334664,4.821205
comes,3.565314,3.815874,4.018638,4.214887,4.723393
civil,3.747638,4.027137,4.198352,4.360759,4.891484
built,3.547526,3.819667,4.005297,4.148439,4.632514
round,3.540856,3.814999,4.004120,4.164266,4.648536
scale,3.486937,3.751970,3.966843,4.147013,4.665365
write,3.568093,3.817041,4.011183,4.202481,4.671760
doubt,3.622012,3.850306,4.043163,4.198061,4.685291
seven,3.692607,3.974322,4.191093,4.347640,4.888320
costs,3.673708,3.909542,4.092800,4.269072,4.791855
green,3.630906,3.884739,4.085737,4.273635,4.777785
takes,3.584213,3.857310,4.057289,4.233566,4.750993
image,3.623124,3.881529,4.063174,4.238129,4.736116
plant,3.489161,3.722790,3.895429,4.056609,4.513363
speak,3.627571,3.888532,4.071807,4.234707,4.698418
lives,3.609227,3.881237,4.077693,4.279909,4.819051
paris,3.538633,3.787278,3.977438,4.145444,4.669539
tried,3.499722,3.733878,3.937414,4.109796,4.619387
china,3.590328,3.854683,4.041201,4.210181,4.700640
upper,3.766537,4.010213,4.196390,4.393983,4.894110
eight,3.638132,3.904289,4.075142,4.244403,4.697206
henry,3.619789,3.886490,4.091819,4.239555,4.716055
stock,3.628683,3.889116,4.049048,4.207614,4.676203
stand,3.520289,3.775605,3.956249,4.131328,4.604780
share,3.495275,3.798074,4.018050,4.206189,4.745675
style,3.595331,3.852349,4.038650,4.217168,4.705217
start,3.599222,3.872775,4.082009,4.253529,4.795557
goods,3.720956,3.987744,4.193055,4.359047,4.868193
ready,3.588105,3.841552,4.032372,4.212035,4.701919
occur,3.735964,4.008170,4.199922,4.384857,4.931269
notes,3.527515,3.789320,3.979007,4.152574,4.693302
rates,3.501946,3.729209,3.947028,4.143590,4.692023
stood,3.673152,3.933761,4.107710,4.286468,4.802625
jesus,3.914397,4.160782,4.368844,4.535434,5.082800
moved,3.690939,3.898745,4.085541,4.253244,4.729182
staff,3.753752,4.004085,4.207769,4.395409,4.913564
brown,3.633130,3.846221,4.030802,4.194924,4.665634
lived,3.622568,3.868690,4.055130,4.233281,4.737933
learn,3.475820,3.772104,3.971944,4.118922,4.636823
daily,3.596442,3.851182,4.034334,4.197918,4.662673
allow,3.749305,3.997082,4.195017,4.373877,4.908448
noted,3.538077,3.797491,3.984304,4.150007,4.633120
names,3.570317,3.800992,3.990779,4.165265,4.708112
phase,3.540856,3.843887,4.060035,4.216883,4.746887
hence,3.639244,3.927050,4.126349,4.309711,4.792326
heavy,3.711506,4.017508,4.202276,4.382147,4.871154
fully,3.784880,4.068573,4.259172,4.427064,4.921844
title,3.634797,3.908375,4.089661,4.268216,4.790172
claim,3.543079,3.772104,3.946635,4.127478,4.612925
fixed,3.766537,3.990954,4.217579,4.395979,4.893369
facts,3.564758,3.824336,4.014911,4.194924,4.715786
color,3.639800,3.901371,4.089857,4.256096,4.771525
begin,3.630350,3.865188,4.031980,4.173677,4.660451
event,3.757643,3.990371,4.171866,4.343505,4.833457
month,3.584213,3.799533,3.986070,4.147868,4.592730
offer,3.785992,4.023928,4.242692,4.438899,4.982901
wrong,3.612563,3.864021,4.043359,4.213746,4.683810
carry,3.697610,3.952437,4.154012,4.334094,4.852036
serve,3.693719,3.954479,4.152443,4.331099,4.892427
weeks,3.795442,4.075868,4.273102,4.454442,4.948166
stone,3.501946,3.778523,3.973514,4.136318,4.657085
royal,3.587549,3.869273,4.064940,4.229003,4.716728
trust,3.652585,3.940765,4.145772,4.309996,4.864221
units,3.578099,3.839510,4.018835,4.203622,4.724874
trees,3.583102,3.826379,4.046302,4.249679,4.806126
drawn,3.582546,3.804202,4.002158,4.176814,4.647930
floor,3.695386,3.950686,4.148911,4.330386,4.815483
smith,3.586437,3.801284,3.979792,4.132896,4.625379
glass,3.676487,3.904581,4.113596,4.291601,4.805991
judge,3.804336,4.061278,4.242692,4.404107,4.845507
enemy,3.763202,3.991830,4.173043,4.345644,4.799529
japan,3.837132,4.063029,4.234844,4.399829,4.890744
piece,3.641467,3.926174,4.112027,4.258235,4.779805
reach,3.518621,3.812372,3.998038,4.173963,4.699159
meant,3.501390,3.740881,3.936826,4.092828,4.590172
visit,3.790995,4.072658,4.225231,4.401540,4.955974
enter,3.620345,3.864605,4.067491,4.242264,4.750724
worth,3.605336,3.851182,4.050029,4.216740,4.684753
roman,3.550862,3.783192,3.963900,4.122344,4.607001
cover,3.609227,3.876860,4.074750,4.249679,4.799865
forth,3.585881,3.828713,4.019816,4.199772,4.673309
avoid,3.693719,3.968486,4.157740,4.326251,4.814271
mouth,3.607560,3.859352,4.041201,4.217738,4.682868
exist,3.675931,3.995331,4.192074,4.368886,4.882531
steps,3.714842,3.918004,4.097116,4.264366,4.761158
views,3.743747,3.983659,4.203845,4.376016,4.899495
spent,3.526404,3.766851,3.941142,4.102809,4.577651
scene,3.609227,3.868690,4.086129,4.250820,4.789970
brain,3.553085,3.787278,3.985678,4.145872,4.632312
shape,3.543079,3.827254,4.015303,4.180664,4.692494
happy,3.804336,4.107091,4.270747,4.433195,4.890946
older,3.539188,3.801576,3.981165,4.147155,4.662471
trial,3.493608,3.738547,3.927801,4.094539,4.585931
plans,3.515286,3.738839,3.941927,4.116070,4.625917
sales,3.642023,3.861395,4.087895,4.270783,4.832784
usual,3.732073,4.034432,4.256229,4.441323,4.980680
prior,3.666481,3.922673,4.118501,4.285898,4.796634
apply,3.753752,4.022177,4.189719,4.360473,4.848738
horse,3.516954,3.810913,4.022366,4.206331,4.760552
speed,3.658143,3.904873,4.099863,4.254100,4.763043
index,3.722068,3.974030,4.158917,4.339370,4.835476
birth,3.578099,3.795740,3.976457,4.140026,4.610636
ought,3.649250,3.933178,4.113792,4.280194,4.747762
named,3.590328,3.809454,3.977045,4.155426,4.633659
error,3.830461,4.112343,4.329998,4.511621,5.116190
joint,3.696498,3.952728,4.138513,4.291459,4.783978
focus,3.646470,3.920922,4.127722,4.299586,4.834668
peter,3.600334,3.847680,4.032764,4.201198,4.705217
girls,3.558644,3.822294,4.003531,4.185227,4.687176
queen,3.829350,4.110592,4.324505,4.517753,5.043285
urban,3.608116,3.835716,4.019423,4.173535,4.668731
bound,3.616454,3.861103,4.040220,4.197205,4.661326
tests,3.799333,4.045521,4.235433,4.427777,4.993807
kinds,3.653696,3.886781,4.082401,4.237131,4.716728
greek,3.730406,3.987161,4.185796,4.351062,4.830764
coast,3.497499,3.796032,3.990583,4.170255,4.686436
plate,3.488049,3.742632,3.907200,4.074718,4.572467
check,3.839355,4.102130,4.307043,4.470412,4.928644
walls,3.706504,3.966151,4.184030,4.384144,4.922518
break,3.630906,3.889408,4.062390,4.221303,4.697139
ratio,3.545859,3.805369,3.996076,4.173107,4.684618
sides,3.687048,3.917712,4.126937,4.300870,4.829216
sight,3.609227,3.845346,4.026290,4.190931,4.665096
media,3.621456,3.832215,4.015499,4.165692,4.661461
broad,3.576987,3.805077,3.981754,4.142022,4.622619
agent,3.550306,3.829880,4.007259,4.182376,4.645103
aware,3.718177,3.985410,4.196586,4.392557,4.898485
youth,3.688716,3.945725,4.152050,4.319122,4.781892
pages,3.575875,3.850306,4.050422,4.215885,4.725547
sleep,3.600889,3.847680,4.042182,4.205618,4.740020
items,3.598666,3.829297,4.029821,4.213603,4.707573
fresh,3.611451,3.878027,4.076516,4.249537,4.780007
knows,3.703168,3.943974,4.142829,4.323970,4.769236
drive,3.622012,3.878319,4.072592,4.236703,4.732144
rural,3.674263,3.934637,4.159506,4.341223,4.837361
metal,3.528071,3.760724,3.920345,4.085698,4.589229
guide,3.629238,3.914502,4.104571,4.279196,4.766543
steel,3.590328,3.871900,4.046498,4.225438,4.758465
banks,3.642023,3.881529,4.067294,4.237559,4.704140
spoke,3.620901,3.879778,4.064940,4.238272,4.681925
grand,3.529183,3.775314,3.966647,4.140026,4.612319
apart,3.610339,3.864313,4.023936,4.204335,4.680983
prove,3.629238,3.876568,4.062586,4.226864,4.728980
fight,3.676487,3.910125,4.086914,4.258092,4.704275
fifty,3.827682,4.098337,4.270355,4.457721,4.927768
grant,3.513063,3.763642,3.951933,4.123770,4.598250
brief,3.625903,3.854975,4.054934,4.221303,4.715651
solid,3.534742,3.797199,3.978026,4.138029,4.663615
false,3.534742,3.830172,4.033353,4.216883,4.771659
funds,3.637576,3.869273,4.091034,4.272066,4.749579
forty,3.634241,3.864896,4.062193,4.244261,4.711141
build,3.595887,3.849723,4.038258,4.181092,4.646112
ideal,3.585881,3.839218,4.039239,4.210181,4.705890
lands,3.529739,3.769478,3.963312,4.147298,4.648940
signs,3.727626,3.950978,4.142437,4.314416,4.798048
rapid,3.551973,3.769769,3.952325,4.120633,4.585729
crime,3.543635,3.782900,3.971356,4.130044,4.614608
inner,3.705392,3.959148,4.163626,4.343077,4.869808
limit,3.672040,3.885906,4.078674,4.232853,4.714978
calls,3.625347,3.896703,4.114381,4.294311,4.862942
plane,3.486937,3.763350,3.943889,4.113503,4.597240
novel,3.601445,3.868690,4.056111,4.226151,4.727230
louis,3.578099,3.873359,4.089661,4.262798,4.822619
adult,3.532518,3.800700,3.991564,4.165977,4.641804
block,3.649805,3.875109,4.044928,4.192357,4.644295
store,3.499166,3.756930,3.965274,4.151718,4.678021
layer,3.582546,3.860519,4.058662,4.238700,4.741636
plain,3.525848,3.773855,3.949578,4.117211,4.585123
maybe,3.672596,3.925591,4.096135,4.271781,4.743184
watch,3.625903,3.885031,4.068275,4.247398,4.721643
count,3.540300,3.807412,3.997057,4.166548,4.657556
touch,3.580878,3.857893,4.047675,4.225296,4.708448
grace,3.530295,3.803910,4.000589,4.184514,4.700168
proof,3.711506,3.949227,4.133412,4.322116,4.817637
agree,3.652029,3.929676,4.130469,4.329103,4.819455
crown,3.563091,3.829297,4.006867,4.182233,4.663548
spain,3.553641,3.786694,3.982735,4.144589,4.639044
radio,3.575875,3.818208,4.002551,4.181092,4.683406
leads,3.519177,3.782317,3.977438,4.166548,4.677415
looks,3.733741,4.004669,4.216009,4.387566,4.873645
train,3.463591,3.727458,3.930155,4.089263,4.581824
input,3.617565,3.855559,4.019423,4.174105,4.628543
minor,3.555309,3.797491,3.972140,4.146015,4.619185
motor,3.652029,3.877444,4.053561,4.230572,4.724537
depth,3.603113,3.841552,4.005101,4.157279,4.603299
ships,3.747638,3.957981,4.145380,4.303294,4.794884
wants,3.586993,3.824044,4.016480,4.207329,4.691148
mixed,3.733185,3.946601,4.146557,4.322829,4.807405
cycle,3.773207,4.049022,4.217775,4.385712,4.886907
sites,3.673152,3.886781,4.075535,4.271638,4.817435
curve,3.635909,3.917712,4.095939,4.287609,4.780074
angle,3.531962,3.812956,4.002354,4.188650,4.660855
goals,3.538077,3.814999,4.034530,4.217026,4.702255
birds,3.581434,3.816458,4.013734,4.167261,4.657826
heads,3.552529,3.831339,4.043751,4.228005,4.758061
dream,3.560311,3.782317,3.956053,4.113789,4.610300
entry,3.611451,3.855851,4.064548,4.206759,4.683406
frame,3.574208,3.826087,4.018638,4.186653,4.697274
grown,3.620345,3.863146,4.041985,4.219877,4.679367
sugar,3.579767,3.844470,4.035119,4.223870,4.710737
unity,3.655920,3.905457,4.106533,4.277342,4.734500
firms,3.616454,3.819376,4.026879,4.200627,4.701582
owner,3.607560,3.848556,4.037473,4.231427,4.730125
truly,3.590328,3.841261,4.030999,4.200200,4.647257
loved,3.623680,3.879778,4.066117,4.226294,4.730125
taxes,3.655920,3.925591,4.136159,4.324398,4.908987
yield,3.634797,3.883280,4.058466,4.228290,4.714305
chair,3.549750,3.818792,4.014518,4.209896,4.701649
tools,3.607560,3.877152,4.089268,4.266933,4.795826
hotel,3.529183,3.810038,3.976261,4.148011,4.659711
thick,3.652585,3.888532,4.068668,4.220448,4.677078
fluid,3.612563,3.877736,4.059054,4.234279,4.706429
refer,3.815453,4.051065,4.289778,4.446029,5.010300
fifth,3.795998,4.029472,4.214832,4.397975,4.879098
fruit,3.585881,3.840677,4.026879,4.226151,4.703736
raise,3.523068,3.785235,4.007848,4.209040,4.739549
quiet,3.740411,4.022760,4.222484,4.406531,4.924133
twice,3.564758,3.860811,4.054149,4.213176,4.696802
taste,3.622568,3.922089,4.125564,4.306288,4.887176
worse,3.583102,3.846805,4.063763,4.263083,4.788893
drugs,3.609227,3.860519,4.047675,4.211037,4.697004
chain,3.573652,3.827838,4.029625,4.205761,4.710199
plays,3.590328,3.839218,4.027663,4.202339,4.690878
towns,3.595331,3.840969,4.025113,4.204477,4.707237
clean,3.494163,3.770061,3.956641,4.127050,4.630091
spite,3.515842,3.769186,3.957034,4.124483,4.613329
sharp,3.563091,3.800117,3.974887,4.142022,4.649344
bible,3.740967,3.997374,4.168923,4.339227,4.851296
shift,3.613118,3.836884,4.042182,4.211322,4.699562
waste,3.574208,3.851182,4.046106,4.233851,4.766005
ahead,3.725959,3.983659,4.184815,4.346927,4.866173
prime,3.548638,3.795740,3.963116,4.118779,4.597442
grade,3.546415,3.798950,4.002747,4.188507,4.674520
frank,3.619789,3.850890,4.052776,4.232711,4.697678
aside,3.585881,3.879195,4.085541,4.260801,4.789364
sweet,3.662590,3.924132,4.122033,4.303151,4.849815
wages,3.654252,3.918004,4.121640,4.316983,4.831101
drink,3.597554,3.859644,4.020600,4.171824,4.598115
minds,3.615898,3.796615,3.990190,4.158563,4.656143
begun,3.652029,3.905457,4.077300,4.224013,4.710199
texas,3.664814,3.931135,4.126349,4.314559,4.892427
extra,3.710395,3.937555,4.131450,4.302438,4.827129
noise,3.528627,3.844179,4.060035,4.232140,4.763379
guard,3.606448,3.853808,4.025309,4.200770,4.663346
favor,3.658699,3.908083,4.119482,4.313846,4.822753
quick,3.837688,4.091334,4.305081,4.481962,4.958465
nerve,3.701501,3.956814,4.149892,4.326536,4.850017
rooms,3.687604,3.910709,4.116343,4.293170,4.805385
ocean,3.566982,3.849431,4.030410,4.203337,4.724470
skill,3.698722,3.983076,4.160290,4.342507,4.831774
tells,3.649250,3.920630,4.091623,4.287324,4.848132
ended,3.823235,4.032682,4.241122,4.444460,4.954628
logic,3.602001,3.853516,4.032764,4.201198,4.681858
enjoy,3.823791,4.058068,4.260545,4.463710,4.912689
teeth,3.782657,4.069448,4.248578,4.433481,4.938808
finds,3.639800,3.853224,4.066314,4.245972,4.731404
empty,3.699833,3.921797,4.084363,4.214601,4.625244
route,3.540300,3.822294,4.027467,4.195066,4.708246
thank,3.606448,3.851765,4.039827,4.203479,4.629956
lying,3.626459,3.890283,4.086129,4.246827,4.671020
acute,3.548082,3.832215,4.034923,4.206046,4.705015
smile,3.530295,3.775897,3.957622,4.125196,4.627937
armed,3.542524,3.764225,3.956837,4.140596,4.629350
rocks,3.617009,3.886198,4.075535,4.229716,4.717200
jones,3.690384,3.951561,4.170296,4.350635,4.900236
dance,3.533074,3.776189,3.976064,4.149865,4.659980
falls,3.700945,3.961774,4.167550,4.364038,4.909727
broke,3.632018,3.894952,4.057092,4.223442,4.686503
sheet,3.624792,3.907791,4.100451,4.267503,4.802020
noble,3.549194,3.812956,3.984501,4.144303,4.622753
dress,3.698722,3.901080,4.106141,4.283188,4.809088
teach,3.522513,3.806536,3.991956,4.158420,4.664625
spend,3.594775,3.795740,3.984697,4.152003,4.623763
phone,3.563646,3.840969,4.038846,4.203764,4.658432
print,3.506948,3.735045,3.909751,4.081563,4.517604
scope,3.562535,3.816458,4.008829,4.160987,4.657960
slave,3.571429,3.849431,4.053169,4.232711,4.758331
stars,3.644247,3.857601,4.068864,4.244261,4.784180
tasks,3.729294,3.968194,4.161468,4.324968,4.810703
grain,3.537521,3.804494,3.997253,4.170255,4.643824
honor,3.648138,3.930552,4.121248,4.294596,4.798721
arise,3.522513,3.804202,4.019423,4.216883,4.746079
hills,3.673708,3.939597,4.154601,4.339085,4.882666
exact,3.679266,3.936971,4.149304,4.324112,4.842679
holds,3.591996,3.840093,4.017657,4.188650,4.679502
owned,3.643135,3.855559,4.045125,4.236846,4.722922
reply,3.618121,3.870732,4.041593,4.181377,4.653652
bread,3.561979,3.792238,3.987640,4.152003,4.645574
waves,3.707615,3.971987,4.178340,4.363468,4.918209
alive,3.621456,3.901663,4.084952,4.263796,4.778930
theme,3.677043,3.925299,4.087895,4.250962,4.729855
cited,3.535853,3.791363,3.994507,4.163981,4.644968
turns,3.523624,3.770645,3.975868,4.148296,4.651498
glory,3.612563,3.870149,4.060820,4.223157,4.660720
saint,3.479155,3.749052,3.939768,4.112078,4.621205
vital,3.598110,3.862854,4.052384,4.197776,4.705015
roots,3.631462,3.887365,4.092015,4.275346,4.814608
poems,3.625903,3.813540,4.021778,4.183802,4.673982
grass,3.689272,3.921797,4.117520,4.311564,4.825446
outer,3.561979,3.837759,4.034726,4.222301,4.751935
tears,3.457476,3.716662,3.923092,4.118779,4.671424
bonds,3.590884,3.822294,4.019619,4.187224,4.670616
homes,3.593663,3.861395,4.045125,4.232711,4.762504
marks,3.630350,3.832507,4.035707,4.217311,4.673443
faced,3.611451,3.862562,4.075535,4.231855,4.736587
faces,3.614230,3.863729,4.076516,4.255811,4.823359
track,3.555864,3.812956,3.999804,4.161842,4.633187
dutch,3.609783,3.851474,4.037669,4.194211,4.666913
abuse,3.622012,3.915961,4.123210,4.280907,4.801212
shore,3.539188,3.807704,4.009025,4.185798,4.743049
gross,3.700389,3.931427,4.137924,4.295736,4.817839
steam,3.544747,3.790196,3.970179,4.147726,4.648670
negro,3.590884,3.847680,4.020404,4.180379,4.673847
delay,3.592551,3.833382,4.037473,4.201911,4.672635
hoped,3.583102,3.843595,4.030214,4.198203,4.679367
pride,3.535853,3.779982,3.973514,4.132040,4.612723
treat,3.622012,3.878319,4.082794,4.265079,4.797105
texts,3.804892,4.086081,4.279772,4.490660,5.042612
grave,3.618677,3.895535,4.101432,4.275203,4.791249
admit,3.585881,3.816749,3.998823,4.158990,4.627062
cloth,3.550306,3.768894,3.960565,4.121346,4.607270
crowd,3.596998,3.837467,4.022562,4.185940,4.685493
files,3.571984,3.815874,4.032176,4.230144,4.761225
users,3.757643,3.978699,4.188738,4.358762,4.909929
uncle,3.568649,3.840385,4.025505,4.210609,4.705823
roles,3.505837,3.761015,3.982343,4.173535,4.742848
roads,3.544747,3.791946,3.992152,4.179096,4.708044
chest,3.574764,3.853224,4.047871,4.229716,4.702120
saved,3.635909,3.887365,4.087699,4.268644,4.798586
score,3.519177,3.773855,3.974495,4.153287,4.698149
cried,3.514730,3.768894,3.965862,4.144303,4.647122
flesh,3.608116,3.884739,4.082990,4.271638,4.759542
blind,3.594775,3.784943,3.970179,4.118637,4.584046
anger,3.559755,3.822877,4.018442,4.205190,4.685358
essay,3.791551,4.053108,4.264665,4.446884,4.967486
fault,3.546415,3.822294,4.018442,4.190931,4.690744
canal,3.605336,3.860519,4.056504,4.220733,4.731740
click,3.778210,3.995623,4.191093,4.361472,4.839381
kings,3.668705,3.922965,4.117128,4.286325,4.732817
rough,3.644247,3.914794,4.085541,4.263796,4.752878
habit,3.589216,3.850306,4.022955,4.182803,4.668394
sorry,3.731518,3.980741,4.178340,4.368173,4.875799
lewis,3.593663,3.859936,4.078085,4.256666,4.787816
shock,3.664258,3.926466,4.124191,4.276772,4.743184
catch,3.687604,3.966151,4.157936,4.341936,4.851498
moves,3.669817,3.910125,4.114577,4.291316,4.817570
liver,3.631462,3.889116,4.071611,4.261942,4.777247
verse,3.687604,3.983951,4.185403,4.369599,4.906294
games,3.602001,3.857310,4.052188,4.217738,4.734433
beach,3.587549,3.866647,4.060428,4.220448,4.725547
worst,3.546971,3.840969,4.037081,4.217881,4.706025
reign,3.565870,3.803618,4.001177,4.190931,4.657422
films,3.617009,3.822585,4.016088,4.204477,4.693437
shell,3.666481,3.960023,4.164803,4.335948,4.856883
songs,3.704280,3.950978,4.151265,4.317411,4.819522
valid,3.622012,3.861978,4.051795,4.227150,4.705284
doors,3.670372,3.932886,4.124583,4.279481,4.817099
trace,3.442468,3.730085,3.916225,4.087979,4.633120
sixty,3.737076,4.000000,4.177359,4.364466,4.857893
liked,3.619789,3.868690,4.040612,4.216740,4.672568
fever,3.785436,4.025970,4.227781,4.390560,4.956850
nurse,3.551973,3.845346,4.054149,4.224298,4.713901
throw,3.611451,3.853224,4.048264,4.220305,4.692292
trans,3.489161,3.729501,3.915833,4.103237,4.625379
bones,3.568093,3.828130,4.019031,4.191074,4.735173
drama,3.689828,3.862854,4.034923,4.202909,4.725614
naval,3.718733,3.974322,4.159113,4.318694,4.832851
corps,3.541968,3.787278,3.968217,4.130187,4.647795
storm,3.540300,3.750511,3.950755,4.108370,4.592797
match,3.565314,3.807412,3.986070,4.159418,4.632043
woods,3.743747,4.029764,4.228370,4.420505,4.914843
owing,3.682046,3.939306,4.128115,4.298018,4.764658
smoke,3.639800,3.873359,4.074161,4.241979,4.703534
fleet,3.654808,3.890283,4.077497,4.258235,4.772131
hopes,3.593107,3.853516,4.062782,4.225724,4.744396
wheat,3.629794,3.877736,4.075731,4.261087,4.731000
argue,3.591996,3.876277,4.075338,4.250392,4.766476
loose,3.623680,3.944850,4.148911,4.340938,4.871626
newly,3.703168,3.935804,4.108888,4.278340,4.725749
guess,3.764314,4.011088,4.211497,4.402823,4.919152
organ,3.576987,3.831048,4.010987,4.186939,4.690273
sheep,3.672596,3.936971,4.122033,4.292172,4.808347
cards,3.538077,3.774146,3.972337,4.145302,4.671626
angry,3.623124,3.880945,4.062978,4.238272,4.680310
topic,3.560311,3.817625,3.986659,4.138457,4.619320
feels,3.679266,3.920630,4.154405,4.329531,4.881387
mount,3.582546,3.802451,3.988621,4.150292,4.632986
dying,3.654808,3.917712,4.102217,4.260801,4.680310
crops,3.532518,3.777940,3.974299,4.117639,4.643689
trend,3.513619,3.759848,3.944477,4.114929,4.584719
acted,3.536965,3.803327,3.992741,4.160559,4.657758
tower,3.591996,3.834257,4.044928,4.224013,4.701649
loans,3.501390,3.779691,3.979007,4.159989,4.692831
tends,3.548082,3.783192,3.962723,4.146585,4.655335
helps,3.582546,3.828421,4.018638,4.181092,4.665769
sixth,3.715953,3.948351,4.138120,4.311422,4.824234
lists,3.658143,3.864896,4.047675,4.234992,4.765264
dated,3.699833,3.940181,4.140279,4.328675,4.842679
males,3.527515,3.757222,3.958211,4.140453,4.674386
acres,3.531962,3.791363,4.003531,4.183089,4.739482
proud,3.575320,3.820251,3.991956,4.156139,4.638102
shook,3.777654,4.047272,4.253679,4.398403,4.882195
split,3.501390,3.733003,3.903276,4.060459,4.551733
acids,3.576431,3.843595,4.060232,4.217453,4.742376
width,3.647026,3.880654,4.058270,4.228290,4.674790
wound,3.650361,3.894368,4.096331,4.266220,4.745338
harry,3.740411,4.003502,4.202276,4.382147,4.871626
chart,3.510839,3.758973,3.948990,4.121346,4.622888
chose,3.558644,3.864896,4.077497,4.255240,4.769101
wheel,3.714842,3.968194,4.178340,4.361899,4.850757
drove,3.614230,3.876860,4.067883,4.234279,4.723931
flows,3.642023,3.895535,4.113989,4.300870,4.764187
tired,3.518621,3.744383,3.947224,4.112363,4.607472
draft,3.551417,3.777940,3.990975,4.158990,4.645372
dozen,3.712062,3.941056,4.124387,4.305861,4.782632
wider,3.607004,3.834549,4.042966,4.223442,4.716055
yards,3.609783,3.862562,4.056308,4.243975,4.723191
creek,3.696498,3.949227,4.157740,4.312277,4.832918
threw,3.596998,3.850015,4.045517,4.218737,4.692494
solve,3.602557,3.861103,4.063959,4.244831,4.776439
alike,3.602001,3.877444,4.057681,4.248966,4.717873
panel,3.487493,3.768602,3.949382,4.122915,4.596701
dealt,3.456921,3.721331,3.916618,4.084557,4.598519
links,3.606448,3.854100,4.045321,4.227292,4.708718
sword,3.613118,3.840969,4.025113,4.181377,4.681252
allen,3.624236,3.898162,4.111634,4.297162,4.828677
magic,3.608116,3.868398,4.051403,4.219450,4.662673
modes,3.583658,3.804786,4.013145,4.183944,4.686032
souls,3.699277,3.944850,4.135178,4.346642,4.870010
gifts,3.639800,3.876860,4.051010,4.236133,4.742444
marry,3.720400,3.953604,4.139298,4.322972,4.814810
bills,3.682601,3.921506,4.130665,4.315699,4.847055
stick,3.628127,3.874234,4.060820,4.196777,4.668664
paint,3.520845,3.760140,3.947224,4.101526,4.576035
fewer,3.768205,3.986577,4.197371,4.397975,4.915180
seeds,3.802668,4.034724,4.248578,4.428347,4.971054
virus,3.672040,3.934637,4.139101,4.317268,4.847661
yours,3.649250,3.929384,4.123406,4.306859,4.823225
video,3.693163,3.932011,4.125368,4.290888,4.803029
arose,3.533074,3.827546,4.033353,4.225011,4.756580
adopt,3.567538,3.812372,3.994507,4.161272,4.626658
foods,3.743747,3.998833,4.213655,4.399971,4.902861
dates,3.555309,3.771228,3.981165,4.159989,4.703063
urged,3.616454,3.852933,4.038454,4.227292,4.701447
inter,3.555309,3.798366,3.970963,4.150577,4.629350
mercy,3.605336,3.853808,4.043163,4.208327,4.668394
slope,3.506948,3.767143,3.954483,4.122629,4.611377
risks,3.758755,3.979866,4.168138,4.349922,4.821744
maria,3.679822,3.894660,4.093781,4.259233,4.752003
pulse,3.549750,3.827254,4.018638,4.187081,4.681050
wives,3.712062,3.969945,4.188542,4.368459,4.917402
atoms,3.587549,3.808579,4.003924,4.179524,4.681656
wings,3.637021,3.886198,4.097312,4.287751,4.749647
devil,3.617565,3.872483,4.042574,4.230001,4.722114
clerk,3.593107,3.862562,4.044732,4.220163,4.664288
tract,3.602557,3.868106,4.069256,4.240981,4.777920
pound,3.607560,3.843303,4.015107,4.176957,4.652104
laugh,3.598110,3.873067,4.052776,4.222444,4.716930
boats,3.576431,3.819376,4.006671,4.179524,4.701851
poets,3.567538,3.799533,3.982146,4.168972,4.672568
worry,3.793774,4.051065,4.232686,4.452873,4.930125
bears,3.535297,3.795448,4.001373,4.175959,4.707910
mines,3.557532,3.771228,3.996272,4.177527,4.676944
cloud,3.575320,3.810622,3.999019,4.166120,4.669068
midst,3.566982,3.803618,3.981165,4.143020,4.619859
opera,3.607560,3.842428,4.019031,4.189790,4.691080
gains,3.571429,3.840969,4.033745,4.227720,4.732548
merit,3.526404,3.749052,3.940946,4.102952,4.578458
trail,3.469150,3.728626,3.917991,4.095394,4.582565
array,3.842690,4.096878,4.300961,4.478825,5.000000
lords,3.557532,3.800992,3.985874,4.166120,4.660182
realm,3.519733,3.746134,3.938395,4.114644,4.594884
shoes,3.717621,3.947476,4.157151,4.353629,4.924672
fears,3.549750,3.814999,4.034334,4.235135,4.771929
wales,3.579211,3.831631,4.055523,4.235990,4.772400
stuff,3.793218,4.069157,4.256229,4.419221,4.944396
valve,3.782657,4.053399,4.263685,4.440468,4.982767
pairs,3.547526,3.789904,3.979792,4.151148,4.662807
holes,3.542524,3.809163,4.012753,4.214031,4.769505
serum,3.570873,3.820835,4.022366,4.184514,4.708516
solar,3.517510,3.788153,3.980577,4.141879,4.676540
bands,3.592551,3.815874,4.006278,4.183944,4.663278
mayor,3.608116,3.849139,4.033353,4.219735,4.701582
cable,3.515842,3.787861,3.978222,4.132183,4.663682
ranks,3.576987,3.824336,4.028644,4.218309,4.700707
basin,3.571984,3.845638,4.023543,4.200913,4.707304
tribe,3.534186,3.779107,3.950755,4.122059,4.601010
lunch,3.590328,3.841844,4.030410,4.189933,4.663682
guilt,3.547526,3.829005,4.026094,4.178953,4.640256
fatal,3.655920,3.901955,4.095939,4.262940,4.771659
mills,3.662034,3.908666,4.103394,4.302153,4.826388
moses,3.719844,3.925591,4.125368,4.312705,4.838438
bases,3.725959,3.952437,4.162841,4.323257,4.872232
votes,3.640356,3.910417,4.086521,4.274633,4.833995
photo,3.699277,3.937263,4.115951,4.280051,4.745204
fired,3.598110,3.814999,4.037473,4.210466,4.709189
dried,3.696498,3.925299,4.139298,4.320262,4.846516
usage,3.614230,3.940181,4.161664,4.347212,4.855402
farms,3.603113,3.809454,4.008829,4.198916,4.695725
tight,3.770428,4.001751,4.178340,4.349636,4.817301
aimed,3.596442,3.799825,4.001766,4.173250,4.682800
tumor,3.554753,3.799825,3.979596,4.140739,4.637428
fancy,3.647026,3.913627,4.096920,4.279053,4.734029
borne,3.531406,3.789028,3.976261,4.138029,4.639852
ruled,3.555309,3.812956,4.004905,4.165550,4.658162
edges,3.717621,3.987161,4.205023,4.357907,4.886301
pupil,3.712618,3.990371,4.163429,4.345786,4.846112
alter,3.485825,3.737088,3.937414,4.119920,4.633726
pilot,3.513063,3.757514,3.940749,4.098389,4.573342
award,3.731518,3.936971,4.119678,4.301583,4.798519
wells,3.735964,3.988912,4.214440,4.393840,4.933356
fails,3.571984,3.824920,4.031195,4.226294,4.745809
gates,3.556976,3.822294,4.028644,4.199772,4.737664
genes,3.650361,3.937555,4.157347,4.327962,4.843622
sorts,3.650917,3.870441,4.067098,4.237559,4.770986
blame,3.544191,3.793697,3.969982,4.136461,4.628071
urine,3.578099,3.828421,4.030802,4.227435,4.700707
tales,3.478599,3.714036,3.926427,4.116213,4.665971
giant,3.534742,3.806828,4.000785,4.165692,4.636217
cream,3.531962,3.789904,3.965666,4.141309,4.637227
burst,3.564202,3.828130,4.014322,4.170398,4.667317
flood,3.726515,3.946892,4.147145,4.315985,4.801750
clock,3.767093,4.005252,4.186973,4.359903,4.838371
seats,3.635909,3.869857,4.072788,4.255525,4.823561
grows,3.628683,3.875985,4.081224,4.260944,4.753080
movie,3.684269,3.940181,4.122817,4.277912,4.791922
anglo,3.553641,3.817625,4.028644,4.188222,4.663480
knife,3.699277,3.951853,4.142829,4.308712,4.743386
badly,3.621456,3.845054,4.028644,4.185940,4.637159
ridge,3.573096,3.832507,4.023347,4.185940,4.636284
rigid,3.712062,3.962650,4.152443,4.321973,4.801144
lover,3.618121,3.886490,4.067883,4.257237,4.764456
keeps,3.745970,4.013131,4.206004,4.365607,4.841602
races,3.528627,3.775897,3.996861,4.166976,4.723662
renal,3.490828,3.781733,3.973710,4.143733,4.626590
rises,3.706504,3.893493,4.107318,4.306574,4.862740
prize,3.667037,3.949810,4.128703,4.292029,4.765735
pitch,3.598110,3.819959,3.984304,4.140311,4.607338
filed,3.579211,3.812956,4.010006,4.192500,4.691148
eager,3.660367,3.932886,4.137728,4.337801,4.846584
knees,3.707615,3.984243,4.213459,4.390846,4.867991
sizes,3.836020,4.108258,4.305081,4.476258,5.012117
angel,3.520289,3.811497,4.016088,4.192214,4.669472
smell,3.687604,3.913335,4.121640,4.288464,4.804039
cents,3.523624,3.774730,3.964881,4.127335,4.653450
soils,3.662590,3.896703,4.111438,4.281620,4.848872
sport,3.508616,3.730376,3.921719,4.080707,4.569573
boxes,3.752084,4.011088,4.216009,4.414088,4.932481
lakes,3.590328,3.852057,4.077104,4.251248,4.740693
grief,3.622568,3.868690,4.080636,4.249822,4.723460
winds,3.642023,3.844179,4.059251,4.246542,4.733288
flame,3.578099,3.822294,4.023347,4.182661,4.668394
deals,3.503613,3.758973,3.956641,4.145302,4.676607
brand,3.549750,3.766851,3.951344,4.114074,4.585459
actor,3.511951,3.783192,3.969198,4.142022,4.652036
tubes,3.595331,3.857018,4.030606,4.209326,4.733423
shame,3.572540,3.821418,4.015892,4.192500,4.708314
label,3.680378,3.940181,4.139690,4.309996,4.836553
brave,3.616454,3.900496,4.087502,4.260088,4.772265
lease,3.583658,3.889991,4.102806,4.292314,4.834938
mouse,3.578655,3.870732,4.076516,4.255098,4.768563
naked,3.638688,3.882696,4.066510,4.255240,4.698687
brick,3.627571,3.866647,4.043163,4.231427,4.666510
truck,3.592551,3.854392,4.034923,4.212748,4.662067
diary,3.608671,3.840385,4.043751,4.223014,4.675934
cheap,3.577543,3.855267,4.047871,4.197633,4.685560
craft,3.525848,3.768310,3.972925,4.148153,4.661865
fiber,3.633685,3.864896,4.064744,4.228576,4.715786
amino,3.590884,3.861978,4.052776,4.203622,4.713699
seeks,3.858810,4.108550,4.334314,4.503351,4.996298
norms,3.574764,3.807412,3.987444,4.145587,4.644699
shops,3.755420,3.964109,4.152443,4.312277,4.801683
shade,3.538077,3.825212,4.032961,4.200342,4.737126
ports,3.510283,3.740881,3.928978,4.098389,4.603097
decay,3.630350,3.890575,4.087895,4.238272,4.721575
blank,3.612563,3.849723,4.008436,4.172964,4.613262
teams,3.521401,3.751678,3.939965,4.115642,4.674520
elder,3.622012,3.868982,4.056896,4.243405,4.757455
grasp,3.564758,3.812956,3.988032,4.174818,4.657893
elite,3.589772,3.887365,4.051991,4.237701,4.757859
guest,3.564202,3.888824,4.080636,4.265079,4.759206
piano,3.593107,3.853516,4.032372,4.201911,4.683070
cease,3.612007,3.931135,4.148911,4.307714,4.882733
prose,3.528071,3.784068,3.970963,4.158420,4.652575
paths,3.567538,3.819376,3.995095,4.160416,4.647257
strip,3.533074,3.760724,3.930940,4.095822,4.579536
rival,3.619233,3.876860,4.062193,4.238414,4.727836
asset,3.654808,3.922965,4.124779,4.320405,4.873847
baker,3.651473,3.881821,4.074554,4.251390,4.709929
imply,3.660923,3.887365,4.048460,4.201911,4.646382
widow,3.816565,4.062153,4.278007,4.451162,4.941501
supra,3.574764,3.810913,3.980969,4.164409,4.667519
codes,3.557532,3.821710,4.029821,4.209183,4.735375
zones,3.685381,3.956814,4.185011,4.357907,4.885830
cruel,3.543079,3.807120,4.001766,4.195351,4.687984
brush,3.635353,3.892326,4.082598,4.242264,4.725884
roger,3.694830,3.966151,4.157544,4.351490,4.875530
graph,3.596442,3.823169,3.997646,4.164124,4.645843
poles,3.531406,3.778232,3.963116,4.159418,4.676473
laser,3.509728,3.774438,3.982146,4.152574,4.696533
vague,3.690939,3.988912,4.174024,4.368316,4.875261
apple,3.691495,3.957981,4.154993,4.319692,4.809155
shirt,3.516954,3.757514,3.963508,4.136033,4.629350
debts,3.590884,3.828713,4.014518,4.178811,4.665231
spots,3.697610,3.895827,4.071218,4.237987,4.730663
crude,3.558644,3.825212,4.012360,4.183802,4.684349
drops,3.563646,3.775314,3.959976,4.118637,4.620464
deeds,3.831017,4.092209,4.298215,4.488521,5.042949
swept,3.608671,3.858185,4.021189,4.208042,4.673309
ghost,3.600334,3.882696,4.068668,4.240553,4.699495
posts,3.700389,3.900496,4.079262,4.247398,4.751599
talks,3.563091,3.807120,4.004316,4.188079,4.668866
oxide,3.767093,4.033265,4.221110,4.389277,4.910872
trunk,3.595887,3.853808,4.025505,4.190646,4.651498
gases,3.706504,3.965859,4.173239,4.354342,4.904140
altar,3.609227,3.859352,4.042770,4.216313,4.727028
alarm,3.650917,3.883280,4.053757,4.215600,4.710602
ruler,3.698166,3.965568,4.168334,4.339940,4.850488
shoot,3.672040,3.955646,4.126545,4.308570,4.818041
opens,3.589772,3.817041,4.016676,4.201483,4.717065
onset,3.520845,3.810038,3.997842,4.183089,4.703332
shaft,3.578099,3.842136,4.043359,4.217453,4.710602
alien,3.491940,3.771812,3.976849,4.154570,4.685695
hired,3.549750,3.812956,4.013734,4.186226,4.677280
globe,3.604225,3.856726,4.021385,4.180807,4.659307
swift,3.645359,3.877152,4.085933,4.251533,4.727768
rings,3.553085,3.811497,4.010791,4.192500,4.680983
clubs,3.604225,3.845054,4.033549,4.199629,4.693773
dense,3.612007,3.882696,4.090642,4.271924,4.783171
lodge,3.576987,3.829880,4.029625,4.177100,4.661865
veins,3.615342,3.889116,4.100059,4.280194,4.810232
spare,3.497499,3.762474,3.967039,4.140596,4.651027
tenth,3.662034,3.943974,4.134785,4.296877,4.786065
dirty,3.589772,3.837759,4.015892,4.182946,4.629754
reads,3.509172,3.759556,3.976653,4.165835,4.704207
pains,3.556420,3.799241,3.988817,4.167831,4.665567
buyer,3.676487,3.923840,4.123995,4.281049,4.794547
slide,3.507504,3.778232,3.972337,4.145159,4.664423
stuck,3.647582,3.915086,4.090642,4.236988,4.713430
arrow,3.729850,3.974322,4.184030,4.383573,4.908650
tries,3.476932,3.717245,3.938984,4.130044,4.692763
loves,3.612007,3.887657,4.090642,4.291174,4.836890
coach,3.729850,4.003793,4.221699,4.410808,4.941299
bench,3.619233,3.867523,4.061605,4.213746,4.664490
rests,3.690384,3.871900,4.071415,4.260801,4.794951
juice,3.742079,4.025095,4.237395,4.387281,4.905554
voted,3.643135,3.901371,4.085541,4.258805,4.758061
nodes,3.555864,3.807120,4.017461,4.195637,4.726153
doses,3.709839,3.929676,4.138120,4.326251,4.847055
pause,3.554753,3.873359,4.072199,4.227292,4.769034
stern,3.513619,3.764517,3.971748,4.131328,4.622147
cabin,3.559200,3.816166,4.005297,4.170968,4.664557
flour,3.623680,3.878027,4.065725,4.239270,4.716459
bacon,3.576987,3.831048,4.016284,4.183516,4.684753
tough,3.618121,3.912752,4.088680,4.261372,4.720969
flash,3.581434,3.856726,4.059251,4.248538,4.750926
camps,3.590328,3.794281,3.998234,4.155568,4.667048
lungs,3.586993,3.849723,4.037865,4.216740,4.694850
humor,3.608116,3.858769,4.038258,4.211179,4.703332
honey,3.631462,3.923256,4.093584,4.305148,4.764254
meets,3.629794,3.879778,4.073965,4.266362,4.797711
haven,3.657032,3.918879,4.096920,4.280764,4.804712
aging,3.774875,4.038518,4.241711,4.416084,4.890273
bride,3.570317,3.814707,4.012164,4.170398,4.631908
fires,3.589772,3.819376,4.044340,4.245401,4.777381
brass,3.718177,3.922089,4.117128,4.291886,4.820868
faint,3.556420,3.820543,4.010987,4.180094,4.671962
charm,3.560867,3.802743,3.979007,4.139313,4.665433
ample,3.547526,3.804202,3.974102,4.136746,4.593672
loyal,3.740411,4.019551,4.214244,4.391559,4.897341
chase,3.531962,3.848264,4.073573,4.245829,4.803366
upset,3.574208,3.853808,4.026682,4.191359,4.706361
steep,3.628127,3.878027,4.059251,4.219735,4.744059
crack,3.732629,3.982200,4.191878,4.375873,4.869606
meals,3.509728,3.755471,3.950952,4.135320,4.669135
ninth,3.714286,3.961191,4.153816,4.310423,4.788893
tooth,3.805447,4.061278,4.267805,4.451590,4.959273
smart,3.493052,3.728042,3.917402,4.084415,4.593134
eaten,3.599222,3.874818,4.071218,4.253244,4.778930
feast,3.520845,3.812956,4.014126,4.215457,4.759744
maker,3.644247,3.853808,4.045321,4.232568,4.691417
lucky,3.712618,3.952728,4.152443,4.313133,4.719623
burns,3.609783,3.829297,4.034530,4.191929,4.711208
caste,3.489717,3.777356,3.975476,4.146728,4.698351
exile,3.777098,4.060986,4.251717,4.430344,4.974419
forum,3.635353,3.874526,4.067294,4.241979,4.740693
ruins,3.567538,3.831631,4.035315,4.204763,4.739414
draws,3.601445,3.823461,4.031587,4.222159,4.731471
quote,3.752084,4.045813,4.241515,4.419079,4.920094
fraud,3.614230,3.845054,4.037669,4.220020,4.719286
shake,3.604780,3.893201,4.111830,4.290318,4.771390
sandy,3.589772,3.846221,4.036884,4.216170,4.675867
slept,3.509728,3.746425,3.928389,4.094396,4.568092
ralph,3.567538,3.800409,3.965274,4.141879,4.595490
awful,3.697610,3.956814,4.142633,4.314416,4.811511
quest,3.714286,4.029764,4.238964,4.413233,4.975093
genus,3.590328,3.885614,4.095939,4.280194,4.766543
drunk,3.627571,3.876860,4.060624,4.219735,4.629283
hated,3.559200,3.810330,4.001962,4.175389,4.668798
rocky,3.682601,3.943099,4.106141,4.269357,4.725816
tanks,3.583102,3.837175,4.027860,4.202196,4.661461
super,3.567538,3.819376,4.014911,4.180950,4.710131
toxic,3.700945,3.974613,4.156366,4.322686,4.825311
crazy,3.714842,3.966443,4.186188,4.342222,4.838909
cargo,3.580322,3.821126,4.015107,4.204477,4.697072
panic,3.558644,3.814707,3.997449,4.161415,4.630024
limbs,3.610339,3.814415,3.997449,4.167689,4.644429
utter,3.706504,3.965859,4.191485,4.348781,4.867789
civic,3.947193,4.215641,4.418481,4.595608,5.136520
harsh,3.705948,3.972863,4.187561,4.367746,4.909256
lined,3.525292,3.763933,3.963900,4.133181,4.628408
baron,3.552529,3.786694,3.978419,4.139740,4.631706
shear,3.540856,3.821418,4.032764,4.212605,4.730394
delta,3.523068,3.755763,3.934275,4.100100,4.607203
siege,3.650917,3.926466,4.141456,4.327392,4.847189
alpha,3.700389,3.944850,4.105552,4.249109,4.749175
drift,3.569761,3.796907,3.988425,4.167261,4.618984
peers,3.642579,3.884447,4.075535,4.257950,4.808213
risen,3.513619,3.779691,3.997842,4.168402,4.679906
loads,3.538077,3.782609,3.988032,4.171539,4.681993
skull,3.743747,4.023928,4.234648,4.391416,4.871289
walks,3.665370,3.892326,4.107710,4.286468,4.773948
funny,3.818788,4.125766,4.318815,4.475545,4.933962
swing,3.633685,3.879195,4.072396,4.254100,4.705554
salts,3.613674,3.827546,4.044732,4.232711,4.757119
canon,3.678710,3.954479,4.160683,4.343077,4.866375
stake,3.569205,3.852641,4.056504,4.239698,4.719084
stops,3.719844,3.910125,4.086129,4.248396,4.747089
parks,3.608671,3.825795,4.013537,4.197776,4.660788
fence,3.679266,3.922965,4.125564,4.294596,4.816493
mason,3.544191,3.814999,4.002354,4.173250,4.695793
gland,3.536965,3.774438,3.963704,4.139455,4.600808
blade,3.549194,3.792822,3.980773,4.150577,4.639852
alert,3.458588,3.740589,3.925446,4.112648,4.626523
climb,3.599778,3.805953,3.982343,4.139883,4.602558
coins,3.540856,3.817625,4.035119,4.198346,4.738270
chaos,3.599222,3.873942,4.085344,4.269500,4.805116
tones,3.505281,3.759556,3.956445,4.137602,4.686166
boots,3.678710,3.951853,4.134197,4.311422,4.817906
monks,3.647026,3.885614,4.084952,4.239698,4.694850
cheek,3.747638,4.055442,4.233863,4.389420,4.858499
sized,3.684269,3.953020,4.161271,4.325681,4.819791
nancy,3.745414,4.005544,4.208750,4.395979,4.876944
hurry,3.814341,4.074993,4.268982,4.459147,4.929519
petty,3.755976,4.016633,4.170296,4.331670,4.774419
stamp,3.570873,3.783776,3.966058,4.120918,4.606799
spine,3.531406,3.780858,3.985089,4.147013,4.637698
react,3.462479,3.730960,3.927212,4.091402,4.625513
flies,3.569205,3.825212,4.027075,4.225153,4.771121
snake,3.576987,3.857310,4.067883,4.236275,4.731740
pipes,3.739855,4.004377,4.191289,4.379296,4.918277
spell,3.675375,3.917712,4.116147,4.286468,4.792460
meter,3.617009,3.845346,4.052188,4.214601,4.699697
rolls,3.674819,3.945433,4.146557,4.318551,4.870077
vivid,3.948860,4.227896,4.437512,4.577214,5.127230
cared,3.524736,3.759265,3.964097,4.148866,4.656547
plots,3.518621,3.746717,3.933686,4.101098,4.581555
suite,3.541412,3.823753,4.026290,4.205618,4.724806
burnt,3.564758,3.811789,4.004905,4.132183,4.594480
evils,3.632574,3.912752,4.119482,4.294025,4.808145
stems,3.722624,3.915086,4.096724,4.272637,4.773544
straw,3.583658,3.807412,4.016284,4.188792,4.685628
drain,3.519733,3.761307,3.957034,4.121346,4.598519
beast,3.513063,3.783484,3.980773,4.168402,4.694446
suits,3.702057,3.917712,4.114185,4.303294,4.847863
weary,3.627571,3.904289,4.129684,4.308855,4.798384
stiff,3.784325,4.013131,4.203845,4.372594,4.911074
beans,3.549750,3.792530,4.005493,4.175246,4.718950
olive,3.654808,3.944558,4.115362,4.283188,4.801683
likes,3.593107,3.857893,4.068864,4.254242,4.739616
trips,3.519733,3.750511,3.928585,4.095252,4.604712
thumb,3.670372,3.894660,4.051991,4.199059,4.638438
sheer,3.634241,3.907207,4.121248,4.297305,4.853989
vapor,3.623124,3.860519,4.046498,4.222729,4.729653
polar,3.531962,3.782025,3.959976,4.116783,4.603904
cubic,3.788216,4.049606,4.259172,4.415657,4.917940
swiss,3.957198,4.173329,4.377673,4.567375,5.083070
wagon,3.653696,3.913335,4.104964,4.282903,4.760350
eagle,3.633130,3.909542,4.118109,4.304149,4.811781
rifle,3.581434,3.847680,4.024917,4.193783,4.701582
orbit,3.566426,3.818208,3.994703,4.163553,4.647391
balls,3.669261,3.914211,4.127722,4.312277,4.851027
cries,3.500278,3.764225,4.003924,4.180094,4.735577
aided,3.742635,3.963817,4.183637,4.376301,4.911410
awake,3.830461,4.079078,4.277810,4.453729,4.924403
billy,3.750973,4.029764,4.202080,4.363468,4.843016
tense,3.569205,3.863729,4.063959,4.244403,4.777853
cohen,3.553085,3.838051,4.042574,4.206759,4.714776
query,3.816565,4.105632,4.305474,4.470697,4.966678
hardy,3.619789,3.858769,4.050029,4.216883,4.682396
comic,3.734853,3.988912,4.188346,4.354199,4.870212
pearl,3.489717,3.756638,3.950755,4.121346,4.602154
fatty,3.759311,4.032973,4.229154,4.411094,4.899428
shelf,3.608671,3.851474,4.056504,4.238842,4.725614
peaks,3.613118,3.875693,4.074161,4.252531,4.735779
vocal,3.617009,3.873359,4.067098,4.229859,4.750791
beams,3.596998,3.819667,4.022758,4.183659,4.710737
chile,3.529739,3.821126,4.012949,4.177100,4.670818
drill,3.665926,3.920047,4.103787,4.287609,4.769774
kelly,3.848249,4.071199,4.265254,4.428205,4.853046
unite,3.573096,3.854683,4.051207,4.231000,4.693235
rites,3.519177,3.739714,3.949774,4.148724,4.695389
audit,3.596442,3.859060,4.060820,4.228005,4.707506
focal,3.586437,3.840677,4.033157,4.202053,4.707371
pious,3.634241,3.904289,4.095546,4.279196,4.801010
deity,3.617009,3.881821,4.061212,4.231285,4.685628
freed,3.669261,3.896703,4.112419,4.291886,4.794749
frost,3.549750,3.795156,4.005690,4.186653,4.687849
sends,3.693719,3.921506,4.126349,4.283474,4.809963
screw,3.611451,3.846221,4.042574,4.225438,4.741097
wires,3.608116,3.837175,4.053169,4.256238,4.787681
elect,3.610339,3.872191,4.057485,4.219450,4.721710
aloud,3.596998,3.855267,4.041397,4.224726,4.710468
loses,3.668149,3.904289,4.109672,4.316555,4.865163
turks,3.605336,3.861103,4.082794,4.238985,4.712218
probe,3.565314,3.815874,3.987444,4.145872,4.639515
burke,3.671484,3.919171,4.094173,4.264366,4.723931
posed,3.573096,3.833674,4.016088,4.189933,4.677684
abbey,3.832129,4.101547,4.309005,4.470982,4.965668
basal,3.670928,3.912168,4.101432,4.275774,4.801279
breed,3.656476,3.890575,4.084560,4.251818,4.748771
weber,3.728738,3.978699,4.158328,4.339798,4.829620
sweat,3.564758,3.833382,4.043555,4.223727,4.738674
folks,3.650917,3.902830,4.118501,4.288179,4.751733
laura,3.686492,3.931135,4.109084,4.293170,4.797240
piety,3.615342,3.877152,4.046694,4.199201,4.651969
patch,3.541968,3.809454,3.978419,4.144446,4.621676
beard,3.550862,3.773271,3.983127,4.142592,4.651296
homer,3.574764,3.826379,4.020012,4.205048,4.696399
trick,3.583658,3.820251,3.997057,4.180237,4.624907
genre,3.623124,3.892617,4.086914,4.261800,4.763447
gauge,3.752084,4.080537,4.290759,4.474690,4.996836
grove,3.652585,3.923548,4.096331,4.275774,4.765332
dwell,3.767649,3.989203,4.194232,4.380436,4.838573
rebel,3.626459,3.887073,4.096331,4.259661,4.770650
creed,3.607560,3.867523,4.055719,4.237416,4.759004
myths,3.689828,3.934637,4.104179,4.267503,4.716257
quasi,3.775431,4.077619,4.339415,4.531014,5.043218
erect,3.611451,3.868690,4.064548,4.237987,4.744194
vitro,3.647026,3.890575,4.064744,4.239127,4.731134
donor,3.614786,3.887657,4.081813,4.251961,4.746213
drank,3.584213,3.822002,3.997646,4.181948,4.615483
